brewery_id,beer_id,name,brewery,style,abv,ratings,ba_score,avg,url
23222,78820,Kentucky Brunch Brand Stout,Toppling Goliath Brewing Company,964,4.83,,,,https://www.beeradvocate.com/beer/profile/23222/78820/
32319,348026,O.W.K.,Side Project Brewing,92,4.86,,,,https://www.beeradvocate.com/beer/profile/32319/348026/
32319,535673,M.J.K.,Side Project Brewing,100,4.84,,,,https://www.beeradvocate.com/beer/profile/32319/535673/
26,42349,Marshmallow Handjee,3 Floyds Brewing Co.,"1,841",4.73,,,,https://www.beeradvocate.com/beer/profile/26/42349/
25888,87246,Abraxas - Barrel-Aged,Perennial Artisan Ales,"1,744",4.73,,,,https://www.beeradvocate.com/beer/profile/25888/87246/
17981,110635,Hunahpu's Imperial Stout - Double Barrel Aged,Cigar City Brewing,"1,674",4.71,,,,https://www.beeradvocate.com/beer/profile/17981/110635/
24903,486325,Blessed,Anchorage Brewing Company,324,4.73,,,,https://www.beeradvocate.com/beer/profile/24903/486325/
46317,16814,Heady Topper,The Alchemist,"15,439",4.7,,,,https://www.beeradvocate.com/beer/profile/46317/16814/
24903,375798,A Deal With The Devil - Triple Oak-Aged,Anchorage Brewing Company,191,4.74,,,,https://www.beeradvocate.com/beer/profile/24903/375798/
32319,672375,10 Year Barleywine,Side Project Brewing,83,4.79,,,,https://www.beeradvocate.com/beer/profile/32319/672375/
13371,91693,Black Magick - Pappy Van Winkle,Voodoo Brewing Co.,291,4.72,,,,https://www.beeradvocate.com/beer/profile/13371/91693/
28743,237238,King JJJuliusss,Tree House Brewing Company,"1,026",4.7,,,,https://www.beeradvocate.com/beer/profile/28743/237238/
863,21690,Pliny The Younger,Russian River Brewing Company,"3,627",4.69,,,,https://www.beeradvocate.com/beer/profile/863/21690/
32319,396753,Coconut Vibes - Barrel-Aged,Side Project Brewing,111,4.76,,,,https://www.beeradvocate.com/beer/profile/32319/396753/
23222,76421,Mornin' Delight,Toppling Goliath Brewing Company,"1,807",4.69,,,,https://www.beeradvocate.com/beer/profile/23222/76421/
28743,87846,King Julius,Tree House Brewing Company,"1,736",4.69,,,,https://www.beeradvocate.com/beer/profile/28743/87846/
23222,527870,Assassin - Double Barrel-Aged,Toppling Goliath Brewing Company,59,4.82,,,,https://www.beeradvocate.com/beer/profile/23222/527870/
2216,188570,Zenne Y Frontera,Brouwerij 3 Fonteinen,436,4.7,,,,https://www.beeradvocate.com/beer/profile/2216/188570/
29160,637171,Double Barrel V.S.O.J.,Revolution Brewing,146,4.73,,,,https://www.beeradvocate.com/beer/profile/29160/637171/
28743,146770,Very Hazy,Tree House Brewing Company,"1,391",4.68,,,,https://www.beeradvocate.com/beer/profile/28743/146770/
32409,271487,Barrel Aged Imperial German Chocolate Cupcake Stout,Angry Chair Brewing,388,4.69,,,,https://www.beeradvocate.com/beer/profile/32409/271487/
33824,172669,Fundamental Observation,Bottle Logic Brewing,"1,593",4.67,,,,https://www.beeradvocate.com/beer/profile/33824/172669/
24903,307365,A Deal With The Devil - Double Oak-Aged,Anchorage Brewing Company,289,4.69,,,,https://www.beeradvocate.com/beer/profile/24903/307365/
22511,172244,Clover,Hill Farmstead Brewery,251,4.69,,,,https://www.beeradvocate.com/beer/profile/22511/172244/
1146,131782,Bourbon County Brand Vanilla Rye Stout,Goose Island Beer Co.,"2,218",4.66,,,,https://www.beeradvocate.com/beer/profile/1146/131782/
31987,325300,Monster Tones,Modern Times Beer,113,4.72,,,,https://www.beeradvocate.com/beer/profile/31987/325300/
29160,264097,V.S.O.J.,Revolution Brewing,378,4.67,,,,https://www.beeradvocate.com/beer/profile/29160/264097/
388,5281,Fou' Foune,Brasserie Cantillon,"3,269",4.65,,,,https://www.beeradvocate.com/beer/profile/388/5281/
28743,122114,Very Green,Tree House Brewing Company,"1,729",4.65,,,,https://www.beeradvocate.com/beer/profile/28743/122114/
23222,78660,Assassin,Toppling Goliath Brewing Company,"1,542",4.65,,,,https://www.beeradvocate.com/beer/profile/23222/78660/
28743,207976,Juice Machine,Tree House Brewing Company,"1,420",4.65,,,,https://www.beeradvocate.com/beer/profile/28743/207976/
26,345294,Chemtrailmix - Rye Barrel,3 Floyds Brewing Co.,291,4.67,,,,https://www.beeradvocate.com/beer/profile/26/345294/
22511,398590,Samuel,Hill Farmstead Brewery,162,4.69,,,,https://www.beeradvocate.com/beer/profile/22511/398590/
863,7971,Pliny The Elder,Russian River Brewing Company,"15,836",4.64,,,,https://www.beeradvocate.com/beer/profile/863/7971/
1199,47658,CBS (Canadian Breakfast Stout),Founders Brewing Company,"6,847",4.64,,,,https://www.beeradvocate.com/beer/profile/1199/47658/
28743,86237,Julius,Tree House Brewing Company,"5,159",4.64,,,,https://www.beeradvocate.com/beer/profile/28743/86237/
32319,157262,Anabasis,Side Project Brewing,323,4.66,,,,https://www.beeradvocate.com/beer/profile/32319/157262/
28743,420834,Very GGGreennn,Tree House Brewing Company,537,4.65,,,,https://www.beeradvocate.com/beer/profile/28743/420834/
28019,136652,Westly,Sante Adairius Rustic Ales,457,4.65,,,,https://www.beeradvocate.com/beer/profile/28019/136652/
32319,126669,Oude Fermier,Side Project Brewing,187,4.67,,,,https://www.beeradvocate.com/beer/profile/32319/126669/
22511,58299,Abner,Hill Farmstead Brewery,"2,942",4.63,,,,https://www.beeradvocate.com/beer/profile/22511/58299/
28743,174063,Jjjuliusss,Tree House Brewing Company,"1,147",4.63,,,,https://www.beeradvocate.com/beer/profile/28743/174063/
32319,168050,Framboise Du Fermier,Side Project Brewing,359,4.64,,,,https://www.beeradvocate.com/beer/profile/32319/168050/
20681,115317,Dinner,Maine Beer Company,"2,834",4.62,,,,https://www.beeradvocate.com/beer/profile/20681/115317/
17980,64545,Double Sunshine,Lawson's Finest Liquids,"2,795",4.62,,,,https://www.beeradvocate.com/beer/profile/17980/64545/
32319,523603,DM,Side Project Brewing,65,4.73,,,,https://www.beeradvocate.com/beer/profile/32319/523603/
69717,51116,Duck Duck Gooze,The Lost Abbey - Vista,"2,004",4.62,,,,https://www.beeradvocate.com/beer/profile/69717/51116/
388,3659,Lou Pepe - Kriek,Brasserie Cantillon,"1,903",4.62,,,,https://www.beeradvocate.com/beer/profile/388/3659/
31805,77563,Morning Wood,Funky Buddha Brewery,"1,260",4.62,,,,https://www.beeradvocate.com/beer/profile/31805/77563/
396,123286,Speedway Stout - Vietnamese Coffee - Bourbon Barrel-Aged,AleSmith Brewing Company,"1,145",4.62,,,,https://www.beeradvocate.com/beer/profile/396/123286/
313,1545,Trappist Westvleteren 12 (XII),Brouwerij Westvleteren (Sint-Sixtusabdij van Westvleteren),"6,905",4.61,,,,https://www.beeradvocate.com/beer/profile/313/1545/
22511,81697,Ann,Hill Farmstead Brewery,478,4.62,,,,https://www.beeradvocate.com/beer/profile/22511/81697/
28743,259249,Doubleganger,Tree House Brewing Company,"1,265",4.61,,,,https://www.beeradvocate.com/beer/profile/28743/259249/
32409,402412,The Adjunct Trail - Bourbon Barrel-Aged,Angry Chair Brewing,127,4.66,,,,https://www.beeradvocate.com/beer/profile/32409/402412/
32319,104649,Fuzzy,Side Project Brewing,"1,045",4.61,,,,https://www.beeradvocate.com/beer/profile/32319/104649/
31805,179485,Snowed In - Bourbon Barrel-Aged,Funky Buddha Brewery,405,4.62,,,,https://www.beeradvocate.com/beer/profile/31805/179485/
22511,126517,Aaron,Hill Farmstead Brewery,698,4.61,,,,https://www.beeradvocate.com/beer/profile/22511/126517/
1146,10672,Bourbon County Brand Stout,Goose Island Beer Co.,"13,507",4.6,,,,https://www.beeradvocate.com/beer/profile/1146/10672/
2210,41815,Parabola,Firestone Walker Brewing Co.,"7,294",4.6,,,,https://www.beeradvocate.com/beer/profile/2210/41815/
22511,69522,Double Citra,Hill Farmstead Brewery,"2,151",4.6,,,,https://www.beeradvocate.com/beer/profile/22511/69522/
25888,141394,Maman,Perennial Artisan Ales,511,4.61,,,,https://www.beeradvocate.com/beer/profile/25888/141394/
31540,169616,Nectarine Premiere,de Garde Brewing,435,4.61,,,,https://www.beeradvocate.com/beer/profile/31540/169616/
1199,19960,KBS,Founders Brewing Company,"14,247",4.59,,,,https://www.beeradvocate.com/beer/profile/1199/19960/
28743,541512,Very HHHazyyy,Tree House Brewing Company,341,4.61,,,,https://www.beeradvocate.com/beer/profile/28743/541512/
24018,94634,Atrial Rubicite,Jester King Brewery,"2,087",4.59,,,,https://www.beeradvocate.com/beer/profile/24018/94634/
22511,67760,Double Galaxy,Hill Farmstead Brewery,"1,704",4.59,,,,https://www.beeradvocate.com/beer/profile/22511/67760/
22511,163263,Flora Plum,Hill Farmstead Brewery,402,4.6,,,,https://www.beeradvocate.com/beer/profile/22511/163263/
43481,186936,Headroom,Trillium Brewing Company,862,4.59,,,,https://www.beeradvocate.com/beer/profile/43481/186936/
32319,310387,Coconut Vibes,Side Project Brewing,237,4.61,,,,https://www.beeradvocate.com/beer/profile/32319/310387/
43481,134064,Double Dry Hopped Congress Street,Trillium Brewing Company,"1,663",4.58,,,,https://www.beeradvocate.com/beer/profile/43481/134064/
24822,316306,Ghost In The Machine - Double Dry-Hopped,Parish Brewing Company,485,4.59,,,,https://www.beeradvocate.com/beer/profile/24822/316306/
22511,83008,Society & Solitude #4,Hill Farmstead Brewery,"1,466",4.58,,,,https://www.beeradvocate.com/beer/profile/22511/83008/
388,13825,Lou Pepe - Framboise,Brasserie Cantillon,"1,445",4.58,,,,https://www.beeradvocate.com/beer/profile/388/13825/
69717,38149,Cable Car,The Lost Abbey - Vista,"1,164",4.58,,,,https://www.beeradvocate.com/beer/profile/69717/38149/
13371,209691,Grande Negro Voodoo Papi - Bourbon Barrel-Aged,Voodoo Brewing Co.,419,4.59,,,,https://www.beeradvocate.com/beer/profile/13371/209691/
2216,30517,Oude Geuze Vintage,Brouwerij 3 Fonteinen,902,4.58,,,,https://www.beeradvocate.com/beer/profile/2216/30517/
17981,47022,Hunahpu's Imperial Stout,Cigar City Brewing,"4,471",4.57,,,,https://www.beeradvocate.com/beer/profile/17981/47022/
23222,113674,King Sue,Toppling Goliath Brewing Company,"3,625",4.57,,,,https://www.beeradvocate.com/beer/profile/23222/113674/
28743,88969,Green,Tree House Brewing Company,"3,500",4.57,,,,https://www.beeradvocate.com/beer/profile/28743/88969/
28743,125646,Haze,Tree House Brewing Company,"3,264",4.57,,,,https://www.beeradvocate.com/beer/profile/28743/125646/
28743,211516,Doppelganger,Tree House Brewing Company,"2,138",4.57,,,,https://www.beeradvocate.com/beer/profile/28743/211516/
43481,116067,Fort Point Pale Ale - Double Dry Hopped,Trillium Brewing Company,"1,810",4.57,,,,https://www.beeradvocate.com/beer/profile/43481/116067/
32319,137889,Abricot Du Fermier,Side Project Brewing,456,4.58,,,,https://www.beeradvocate.com/beer/profile/32319/137889/
36710,327893,I Let My Tape Rock,J. Wakefield Brewing,114,4.62,,,,https://www.beeradvocate.com/beer/profile/36710/327893/
28743,160275,Triple Shot,Tree House Brewing Company,665,4.57,,,,https://www.beeradvocate.com/beer/profile/28743/160275/
26,64228,Zombie Dust,3 Floyds Brewing Co.,"11,584",4.56,,,,https://www.beeradvocate.com/beer/profile/26/64228/
46317,111616,Focal Banger,The Alchemist,"4,624",4.56,,,,https://www.beeradvocate.com/beer/profile/46317/111616/
33519,123062,Swish,Bissell Brothers Brewing Co.,"1,817",4.56,,,,https://www.beeradvocate.com/beer/profile/33519/123062/
28019,84772,West Ashley,Sante Adairius Rustic Ales,"1,222",4.56,,,,https://www.beeradvocate.com/beer/profile/28019/84772/
20680,149554,Coffee Cinnamon B-Bomb,Fremont Brewing Company,"1,150",4.56,,,,https://www.beeradvocate.com/beer/profile/20680/149554/
31540,173144,The Broken Truck,de Garde Brewing,421,4.57,,,,https://www.beeradvocate.com/beer/profile/31540/173144/
32319,99350,Saison Du Fermier,Side Project Brewing,900,4.56,,,,https://www.beeradvocate.com/beer/profile/32319/99350/
30356,314813,Bourbon Paradise,Prairie Artisan Ales,856,4.56,,,,https://www.beeradvocate.com/beer/profile/30356/314813/
20680,116702,The Rusty Nail,Fremont Brewing Company,837,4.56,,,,https://www.beeradvocate.com/beer/profile/20680/116702/
32319,414891,BVC,Side Project Brewing,98,4.62,,,,https://www.beeradvocate.com/beer/profile/32319/414891/
29160,685353,V.S.O.R. Select,Revolution Brewing,83,4.63,,,,https://www.beeradvocate.com/beer/profile/29160/685353/
863,22227,Supplication,Russian River Brewing Company,"6,742",4.55,,,,https://www.beeradvocate.com/beer/profile/863/22227/
17980,117177,Sip Of Sunshine,Lawson's Finest Liquids,"6,270",4.55,,,,https://www.beeradvocate.com/beer/profile/17980/117177/
14064,56082,Citra,Kern River Brewing Company,"1,915",4.55,,,,https://www.beeradvocate.com/beer/profile/14064/56082/
33510,325706,4th Anniversary,Other Half Brewing - Center Street,282,4.57,,,,https://www.beeradvocate.com/beer/profile/33510/325706/
43481,107406,Fort Point Pale Ale -  Galaxy Dry Hopped,Trillium Brewing Company,"1,800",4.55,,,,https://www.beeradvocate.com/beer/profile/43481/107406/
17980,120372,Triple Sunshine,Lawson's Finest Liquids,"1,187",4.55,,,,https://www.beeradvocate.com/beer/profile/17980/120372/
22511,62172,Ephraim,Hill Farmstead Brewery,"1,183",4.55,,,,https://www.beeradvocate.com/beer/profile/22511/62172/
26676,129108,Sunday Brunch,Kane Brewing Company,861,4.55,,,,https://www.beeradvocate.com/beer/profile/26676/129108/
31540,199469,The Peach,de Garde Brewing,349,4.56,,,,https://www.beeradvocate.com/beer/profile/31540/199469/
26676,173480,Mexican Brunch,Kane Brewing Company,618,4.55,,,,https://www.beeradvocate.com/beer/profile/26676/173480/
42273,334379,Nillerzzzzz,Forager Brewing Company,161,4.58,,,,https://www.beeradvocate.com/beer/profile/42273/334379/
287,37265,Black Note Stout,Bell's Brewery - Eccentric Café & General Store,"4,992",4.54,,,,https://www.beeradvocate.com/beer/profile/287/37265/
16866,51257,Black Tuesday,The Bruery,"4,308",4.54,,,,https://www.beeradvocate.com/beer/profile/16866/51257/
863,27992,Beatification,Russian River Brewing Company,"2,953",4.54,,,,https://www.beeradvocate.com/beer/profile/863/27992/
28743,176650,Alter Ego,Tree House Brewing Company,"2,653",4.54,,,,https://www.beeradvocate.com/beer/profile/28743/176650/
388,8954,Saint Lamvinus,Brasserie Cantillon,"2,340",4.54,,,,https://www.beeradvocate.com/beer/profile/388/8954/
36710,155870,Miami Madness,J. Wakefield Brewing,510,4.55,,,,https://www.beeradvocate.com/beer/profile/36710/155870/
2097,34313,Fourth Dementia - Bourbon Barrel-Aged,Kuhnhenn Brewing Company,"2,095",4.54,,,,https://www.beeradvocate.com/beer/profile/2097/34313/
38773,218283,Medianoche - Coconut,WeldWerks Brewing Co.,279,4.56,,,,https://www.beeradvocate.com/beer/profile/38773/218283/
22511,85523,Society & Solitude #5,Hill Farmstead Brewery,"1,668",4.54,,,,https://www.beeradvocate.com/beer/profile/22511/85523/
35633,208419,Leaner,Casey Brewing & Blending and Barrel Cellar,268,4.56,,,,https://www.beeradvocate.com/beer/profile/35633/208419/
31805,153905,Last Buffalo In The Park,Funky Buddha Brewery,917,4.54,,,,https://www.beeradvocate.com/beer/profile/31805/153905/
10902,42664,Kaggen! Stormaktsporter,Närke Kulturbryggeri AB,239,4.56,,,,https://www.beeradvocate.com/beer/profile/10902/42664/
652,185536,Black Gold,Central Waters Brewing Co.,901,4.54,,,,https://www.beeradvocate.com/beer/profile/652/185536/
22511,112080,Beyond Good And Evil,Hill Farmstead Brewery,800,4.54,,,,https://www.beeradvocate.com/beer/profile/22511/112080/
28657,316918,Adios Ghost,Monkish Brewing Co.,94,4.6,,,,https://www.beeradvocate.com/beer/profile/28657/316918/
28743,350694,Gggreennn!,Tree House Brewing Company,593,4.54,,,,https://www.beeradvocate.com/beer/profile/28743/350694/
28743,160396,Truth,Tree House Brewing Company,156,4.57,,,,https://www.beeradvocate.com/beer/profile/28743/160396/
33824,231652,Fundamental Forces,Bottle Logic Brewing,300,4.55,,,,https://www.beeradvocate.com/beer/profile/33824/231652/
16866,53728,Chocolate Rain,The Bruery,"2,891",4.53,,,,https://www.beeradvocate.com/beer/profile/16866/53728/
28743,554687,JJJuiceee Machine,Tree House Brewing Company,263,4.55,,,,https://www.beeradvocate.com/beer/profile/28743/554687/
28743,113784,Double Shot,Tree House Brewing Company,"1,248",4.53,,,,https://www.beeradvocate.com/beer/profile/28743/113784/
2210,92314,Parabajava,Firestone Walker Brewing Co.,967,4.53,,,,https://www.beeradvocate.com/beer/profile/2210/92314/
23066,70013,Notorious Triple IPA,Boneyard Beer Company,910,4.53,,,,https://www.beeradvocate.com/beer/profile/23066/70013/
26676,320826,Sunday Brunch - Bourbon Barrel-Aged,Kane Brewing Company,135,4.57,,,,https://www.beeradvocate.com/beer/profile/26676/320826/
28743,555724,Emperor Julius,Tree House Brewing Company,364,4.54,,,,https://www.beeradvocate.com/beer/profile/28743/555724/
31987,319512,Modem Tones - Bourbon Barrel-Aged - Vanilla,Modern Times Beer,158,4.56,,,,https://www.beeradvocate.com/beer/profile/31987/319512/
28743,322847,Moment Of Clarity,Tree House Brewing Company,598,4.53,,,,https://www.beeradvocate.com/beer/profile/28743/322847/
22511,264355,Double Nelson,Hill Farmstead Brewery,537,4.53,,,,https://www.beeradvocate.com/beer/profile/22511/264355/
1471,60426,Plead The 5th - Bourbon Barrel-Aged,Dark Horse Brewing Company,"3,378",4.52,,,,https://www.beeradvocate.com/beer/profile/1471/60426/
25888,660520,Abraxas - Barrel-Aged - Vietnamese Coffee,Perennial Artisan Ales,77,4.6,,,,https://www.beeradvocate.com/beer/profile/25888/660520/
43481,169611,Cutting Tiles - Mosaic,Trillium Brewing Company,"1,467",4.52,,,,https://www.beeradvocate.com/beer/profile/43481/169611/
23222,232168,Pseudo Sue - Double Dry Hop,Toppling Goliath Brewing Company,"1,462",4.52,,,,https://www.beeradvocate.com/beer/profile/23222/232168/
36710,268562,Label Us Notorious,J. Wakefield Brewing,98,4.58,,,,https://www.beeradvocate.com/beer/profile/36710/268562/
28743,189696,In Perpetuity,Tree House Brewing Company,"1,139",4.52,,,,https://www.beeradvocate.com/beer/profile/28743/189696/
32409,332100,Rocky Road - Bourbon Barrel-Aged,Angry Chair Brewing,113,4.57,,,,https://www.beeradvocate.com/beer/profile/32409/332100/
34258,349395,Canuckley,Transient Artisan Ales,241,4.54,,,,https://www.beeradvocate.com/beer/profile/34258/349395/
31805,67720,Wide Awake It's Morning,Funky Buddha Brewery,"1,008",4.52,,,,https://www.beeradvocate.com/beer/profile/31805/67720/
2216,8773,Framboos,Brouwerij 3 Fonteinen,914,4.52,,,,https://www.beeradvocate.com/beer/profile/2216/8773/
388,36316,Blåbær Lambik,Brasserie Cantillon,904,4.52,,,,https://www.beeradvocate.com/beer/profile/388/36316/
28743,608164,The Greenest Green,Tree House Brewing Company,225,4.54,,,,https://www.beeradvocate.com/beer/profile/28743/608164/
33510,249487,Double Dry Hopped Double Mosaic Dream,Other Half Brewing - Center Street,774,4.52,,,,https://www.beeradvocate.com/beer/profile/33510/249487/
1199,11757,Breakfast Stout,Founders Brewing Company,"18,030",4.51,,,,https://www.beeradvocate.com/beer/profile/1199/11757/
2210,41121,§ucaba,Firestone Walker Brewing Co.,"5,549",4.51,,,,https://www.beeradvocate.com/beer/profile/2210/41121/
22511,66815,Art,Hill Farmstead Brewery,558,4.52,,,,https://www.beeradvocate.com/beer/profile/22511/66815/
22511,239223,Dorothy (Wine Barrel Aged),Hill Farmstead Brewery,294,4.53,,,,https://www.beeradvocate.com/beer/profile/22511/239223/
33510,287574,Double Dry Hopped Double Mosaic Daydream,Other Half Brewing - Center Street,532,4.52,,,,https://www.beeradvocate.com/beer/profile/33510/287574/
23222,440660,King Sue - Double Dry-Hopped,Toppling Goliath Brewing Company,515,4.52,,,,https://www.beeradvocate.com/beer/profile/23222/440660/
30356,102340,Pirate Bomb!,Prairie Artisan Ales,"2,474",4.51,,,,https://www.beeradvocate.com/beer/profile/30356/102340/
396,31484,Speedway Stout - Bourbon Barrel-Aged,AleSmith Brewing Company,"2,415",4.51,,,,https://www.beeradvocate.com/beer/profile/396/31484/
16866,74295,Grey Monday,The Bruery,"1,953",4.51,,,,https://www.beeradvocate.com/beer/profile/16866/74295/
388,13826,Lou Pepe - Gueuze,Brasserie Cantillon,"1,280",4.51,,,,https://www.beeradvocate.com/beer/profile/388/13826/
22511,90634,Society & Solitude #6,Hill Farmstead Brewery,"1,061",4.51,,,,https://www.beeradvocate.com/beer/profile/22511/90634/
24018,114236,Montmorency Vs Balaton,Jester King Brewery,975,4.51,,,,https://www.beeradvocate.com/beer/profile/24018/114236/
28743,507933,Truth - Vanilla Bean,Tree House Brewing Company,109,4.56,,,,https://www.beeradvocate.com/beer/profile/28743/507933/
33510,261445,Double Dry Hopped Mylar Bags,Other Half Brewing - Center Street,699,4.51,,,,https://www.beeradvocate.com/beer/profile/33510/261445/
25888,87679,Barrel-Aged Sump Coffee Stout,Perennial Artisan Ales,690,4.51,,,,https://www.beeradvocate.com/beer/profile/25888/87679/
207,645,Trappistes Rochefort 10,Brasserie de Rochefort,"10,106",4.5,,,,https://www.beeradvocate.com/beer/profile/207/645/
43481,325511,Affogato - Bourbon Barrel-Aged,Trillium Brewing Company,192,4.53,,,,https://www.beeradvocate.com/beer/profile/43481/325511/
22511,86487,Susan,Hill Farmstead Brewery,"2,162",4.5,,,,https://www.beeradvocate.com/beer/profile/22511/86487/
396,75218,Speedway Stout - Vietnamese Coffee,AleSmith Brewing Company,"2,023",4.5,,,,https://www.beeradvocate.com/beer/profile/396/75218/
42273,262918,Magnus,Forager Brewing Company,46,4.63,,,,https://www.beeradvocate.com/beer/profile/42273/262918/
24300,104699,Imperial Biscotti Break - Bourbon Barrel-Aged,Evil Twin Brewing,"1,697",4.5,,,,https://www.beeradvocate.com/beer/profile/24300/104699/
28743,313583,"Somewhere, Something Incredible Is Waiting To Be Known",Tree House Brewing Company,446,4.51,,,,https://www.beeradvocate.com/beer/profile/28743/313583/
43481,150209,Double Dry Hopped Melcher Street,Trillium Brewing Company,"1,439",4.5,,,,https://www.beeradvocate.com/beer/profile/43481/150209/
43481,154542,Fort Point Pale Ale - Mosaic Dry Hopped,Trillium Brewing Company,"1,314",4.5,,,,https://www.beeradvocate.com/beer/profile/43481/154542/
43481,130699,Heavy Mettle,Trillium Brewing Company,"1,248",4.5,,,,https://www.beeradvocate.com/beer/profile/43481/130699/
2216,79387,Oude Geuze Golden Blend,Brouwerij 3 Fonteinen,"1,221",4.5,,,,https://www.beeradvocate.com/beer/profile/2216/79387/
2216,39096,Hommage,Brouwerij 3 Fonteinen,"1,198",4.5,,,,https://www.beeradvocate.com/beer/profile/2216/39096/
28019,84487,Saison Bernice,Sante Adairius Rustic Ales,"1,111",4.5,,,,https://www.beeradvocate.com/beer/profile/28019/84487/
43481,162357,Upper Case,Trillium Brewing Company,"1,071",4.5,,,,https://www.beeradvocate.com/beer/profile/43481/162357/
32319,208933,Leaner,Side Project Brewing,131,4.54,,,,https://www.beeradvocate.com/beer/profile/32319/208933/
28657,254769,Foggier Window,Monkish Brewing Co.,345,4.51,,,,https://www.beeradvocate.com/beer/profile/28657/254769/
36949,216398,Midnight Still,Holy Mountain Brewing Company - Interbay Brewery + Taproom,219,4.52,,,,https://www.beeradvocate.com/beer/profile/36949/216398/
43481,245080,Cutting Tiles - Galaxy,Trillium Brewing Company,627,4.5,,,,https://www.beeradvocate.com/beer/profile/43481/245080/
396,276382,Speedway Stout - Vietnamese Coffee - Rye Whiskey Barrel-Aged,AleSmith Brewing Company,199,4.52,,,,https://www.beeradvocate.com/beer/profile/396/276382/
28743,335837,Impermanence,Tree House Brewing Company,580,4.5,,,,https://www.beeradvocate.com/beer/profile/28743/335837/
33344,164444,BDCS,Ozark Beer Co.,577,4.5,,,,https://www.beeradvocate.com/beer/profile/33344/164444/
32409,316514,Popinski - Bourbon Barrel-Aged - Peanut Butter And Marshmallow,Angry Chair Brewing,75,4.57,,,,https://www.beeradvocate.com/beer/profile/32409/316514/
30356,94350,Bomb!,Prairie Artisan Ales,"6,678",4.49,,,,https://www.beeradvocate.com/beer/profile/30356/94350/
18563,89958,Barrel-Aged Silhouette,Lift Bridge Brewing Co.,551,4.5,,,,https://www.beeradvocate.com/beer/profile/18563/89958/
23222,72170,Pseudo Sue,Toppling Goliath Brewing Company,"5,892",4.49,,,,https://www.beeradvocate.com/beer/profile/23222/72170/
863,45653,Consecration,Russian River Brewing Company,"5,647",4.49,,,,https://www.beeradvocate.com/beer/profile/863/45653/
13014,46849,Abrasive Ale,Surly Brewing Co.,"4,854",4.49,,,,https://www.beeradvocate.com/beer/profile/13014/46849/
26,91670,Permanent Funeral,3 Floyds Brewing Co.,"3,282",4.49,,,,https://www.beeradvocate.com/beer/profile/26/91670/
36710,153168,DFPF,J. Wakefield Brewing,507,4.5,,,,https://www.beeradvocate.com/beer/profile/36710/153168/
22511,61062,Everett,Hill Farmstead Brewery,"2,897",4.49,,,,https://www.beeradvocate.com/beer/profile/22511/61062/
43481,100443,Congress Street,Trillium Brewing Company,"2,646",4.49,,,,https://www.beeradvocate.com/beer/profile/43481/100443/
33824,221353,Space Trace,Bottle Logic Brewing,452,4.5,,,,https://www.beeradvocate.com/beer/profile/33824/221353/
32319,209252,Smooth,Side Project Brewing,256,4.51,,,,https://www.beeradvocate.com/beer/profile/32319/209252/
17981,54647,Hunahpu's Imperial Stout - Bourbon Barrel-Aged,Cigar City Brewing,443,4.5,,,,https://www.beeradvocate.com/beer/profile/17981/54647/
43481,293450,Affogato,Trillium Brewing Company,440,4.5,,,,https://www.beeradvocate.com/beer/profile/43481/293450/
32319,124810,La Fosse,Side Project Brewing,440,4.5,,,,https://www.beeradvocate.com/beer/profile/32319/124810/
16866,109989,Mocha Wednesday,The Bruery,"1,510",4.49,,,,https://www.beeradvocate.com/beer/profile/16866/109989/
28019,374041,A Thousand Summers,Sante Adairius Rustic Ales,63,4.58,,,,https://www.beeradvocate.com/beer/profile/28019/374041/
20680,315318,B-Bomb - Coconut,Fremont Brewing Company,378,4.5,,,,https://www.beeradvocate.com/beer/profile/20680/315318/
33824,268654,Reaction State,Bottle Logic Brewing,229,4.51,,,,https://www.beeradvocate.com/beer/profile/33824/268654/
1199,491765,KBS - Maple Mackinac Fudge,Founders Brewing Company,957,4.49,,,,https://www.beeradvocate.com/beer/profile/1199/491765/
55985,553072,Arabesque,Phase Three Brewing Company,34,4.66,,,,https://www.beeradvocate.com/beer/profile/55985/553072/
22511,77273,Damon,Hill Farmstead Brewery,911,4.49,,,,https://www.beeradvocate.com/beer/profile/22511/77273/
38773,475690,Starry Noche,WeldWerks Brewing Co.,161,4.52,,,,https://www.beeradvocate.com/beer/profile/38773/475690/
2216,235041,Oude Geuze Cuvée Armand & Gaston,Brouwerij 3 Fonteinen,786,4.49,,,,https://www.beeradvocate.com/beer/profile/2216/235041/
33510,254441,Double Dry Hopped All Citra Everything,Other Half Brewing - Center Street,752,4.49,,,,https://www.beeradvocate.com/beer/profile/33510/254441/
32319,154421,Thicket,Side Project Brewing,328,4.5,,,,https://www.beeradvocate.com/beer/profile/32319/154421/
22511,271760,Arthur Puncheon,Hill Farmstead Brewery,152,4.52,,,,https://www.beeradvocate.com/beer/profile/22511/271760/
28743,302814,Hold On To Sunshine,Tree House Brewing Company,641,4.49,,,,https://www.beeradvocate.com/beer/profile/28743/302814/
33510,348642,Triple Citra Daydream,Other Half Brewing - Center Street,304,4.5,,,,https://www.beeradvocate.com/beer/profile/33510/348642/
863,485623,Pliny For President,Russian River Brewing Company,279,4.5,,,,https://www.beeradvocate.com/beer/profile/863/485623/
13014,33127,Darkness,Surly Brewing Co.,"4,305",4.48,,,,https://www.beeradvocate.com/beer/profile/13014/33127/
33824,120155,Leche Borracho,Bottle Logic Brewing,500,4.49,,,,https://www.beeradvocate.com/beer/profile/33824/120155/
46317,114804,Crusher,The Alchemist,"2,378",4.48,,,,https://www.beeradvocate.com/beer/profile/46317/114804/
32319,134768,Peche Du Fermier,Side Project Brewing,257,4.5,,,,https://www.beeradvocate.com/beer/profile/32319/134768/
30356,149331,Apple Brandy Barrel Noir,Prairie Artisan Ales,"1,709",4.48,,,,https://www.beeradvocate.com/beer/profile/30356/149331/
49747,341286,Henna - Barrel-Aged - Double Rainbow,More Brewing Co.,93,4.54,,,,https://www.beeradvocate.com/beer/profile/49747/341286/
29952,172420,No Rules,Perrin Brewing Co.,"1,425",4.48,,,,https://www.beeradvocate.com/beer/profile/29952/172420/
30356,139521,Barrel Aged Bomb!,Prairie Artisan Ales,"1,262",4.48,,,,https://www.beeradvocate.com/beer/profile/30356/139521/
32409,241899,Imperial German Chocolate Cupcake Stout,Angry Chair Brewing,383,4.49,,,,https://www.beeradvocate.com/beer/profile/32409/241899/
24018,101980,Aurelian Lure,Jester King Brewery,803,4.48,,,,https://www.beeradvocate.com/beer/profile/24018/101980/
33824,143023,Darkstar November,Bottle Logic Brewing,801,4.48,,,,https://www.beeradvocate.com/beer/profile/33824/143023/
22511,87341,Juicy,Hill Farmstead Brewery,794,4.48,,,,https://www.beeradvocate.com/beer/profile/22511/87341/
28657,226305,Foggy Window,Monkish Brewing Co.,338,4.49,,,,https://www.beeradvocate.com/beer/profile/28657/226305/
41869,189180,Double Stack,Great Notion Brewing,780,4.48,,,,https://www.beeradvocate.com/beer/profile/41869/189180/
32319,263850,Jammy,Side Project Brewing,211,4.5,,,,https://www.beeradvocate.com/beer/profile/32319/263850/
28019,157616,Cellarman Barrel Aged Saison,Sante Adairius Rustic Ales,594,4.48,,,,https://www.beeradvocate.com/beer/profile/28019/157616/
259,1708,Abt 12,Brouwerij Sint-Bernard (St. Bernardus),"10,463",4.47,,,,https://www.beeradvocate.com/beer/profile/259/1708/
63,34420,The Abyss,Deschutes Brewery,"7,608",4.47,,,,https://www.beeradvocate.com/beer/profile/63/34420/
28743,249986,All That Is And All That Ever Will Be,Tree House Brewing Company,523,4.48,,,,https://www.beeradvocate.com/beer/profile/28743/249986/
25888,76393,Abraxas,Perennial Artisan Ales,"3,148",4.47,,,,https://www.beeradvocate.com/beer/profile/25888/76393/
2210,63249,Stickee Monkee,Firestone Walker Brewing Co.,"3,007",4.47,,,,https://www.beeradvocate.com/beer/profile/2210/63249/
35,25759,Samuel Adams Utopias,Samuel Adams (Boston Beer Company),"2,862",4.47,,,,https://www.beeradvocate.com/beer/profile/35/25759/
33824,221356,Jam The Radar,Bottle Logic Brewing,471,4.48,,,,https://www.beeradvocate.com/beer/profile/33824/221356/
313,857,Trappist Westvleteren 8 (VIII),Brouwerij Westvleteren (Sint-Sixtusabdij van Westvleteren),"2,426",4.47,,,,https://www.beeradvocate.com/beer/profile/313/857/
2681,189272,Ten FIDY - Bourbon Barrel-Aged,Oskar Blues Grill & Brew,"2,354",4.47,,,,https://www.beeradvocate.com/beer/profile/2681/189272/
32319,173125,Orviamo,Side Project Brewing,111,4.52,,,,https://www.beeradvocate.com/beer/profile/32319/173125/
23222,93219,Sosus,Toppling Goliath Brewing Company,"2,021",4.47,,,,https://www.beeradvocate.com/beer/profile/23222/93219/
33510,304471,Double Dry Hopped Double Citra Daydream,Other Half Brewing - Center Street,427,4.48,,,,https://www.beeradvocate.com/beer/profile/33510/304471/
29922,220784,CitraQuench'l,Heist Brewery - NoDa,402,4.48,,,,https://www.beeradvocate.com/beer/profile/29922/220784/
33824,201187,Red Eye November,Bottle Logic Brewing,393,4.48,,,,https://www.beeradvocate.com/beer/profile/33824/201187/
30179,113655,Dragonsaddle,Hoof Hearted Brewing,385,4.48,,,,https://www.beeradvocate.com/beer/profile/30179/113655/
2216,17647,Schaarbeekse Kriek,Brouwerij 3 Fonteinen,973,4.47,,,,https://www.beeradvocate.com/beer/profile/2216/17647/
30356,271939,Okie Paradise,Prairie Artisan Ales,124,4.51,,,,https://www.beeradvocate.com/beer/profile/30356/271939/
22511,62290,Flora,Hill Farmstead Brewery,838,4.47,,,,https://www.beeradvocate.com/beer/profile/22511/62290/
287,130990,Expedition Stout - Bourbon Barrel-Aged,Bell's Brewery - Eccentric Café & General Store,815,4.47,,,,https://www.beeradvocate.com/beer/profile/287/130990/
25888,101578,Abraxas - Coffee,Perennial Artisan Ales,798,4.47,,,,https://www.beeradvocate.com/beer/profile/25888/101578/
